Vulkan Memory Allocator,Calls recording
1,8
Config,Begin
VulkanApiVersion,1,2
PhysicalDevice,apiVersion,4206786
PhysicalDevice,driverVersion,2144583680
PhysicalDevice,vendorID,4318
PhysicalDevice,deviceID,8578
PhysicalDevice,deviceType,2
PhysicalDevice,deviceName,NVIDIA GeForce GTX 1660 Ti
PhysicalDeviceLimits,maxMemoryAllocationCount,4096
PhysicalDeviceLimits,bufferImageGranularity,1024
PhysicalDeviceLimits,nonCoherentAtomSize,64
PhysicalDeviceMemory,HeapCount,3
PhysicalDeviceMemory,Heap,0,size,6282018816
PhysicalDeviceMemory,Heap,0,flags,1
PhysicalDeviceMemory,Heap,1,size,8556036096
PhysicalDeviceMemory,Heap,1,flags,0
PhysicalDeviceMemory,Heap,2,size,224395264
PhysicalDeviceMemory,Heap,2,flags,1
PhysicalDeviceMemory,TypeCount,5
PhysicalDeviceMemory,Type,0,heapIndex,1
PhysicalDeviceMemory,Type,0,propertyFlags,0
PhysicalDeviceMemory,Type,1,heapIndex,0
PhysicalDeviceMemory,Type,1,propertyFlags,1
PhysicalDeviceMemory,Type,2,heapIndex,1
PhysicalDeviceMemory,Type,2,propertyFlags,6
PhysicalDeviceMemory,Type,3,heapIndex,1
PhysicalDeviceMemory,Type,3,propertyFlags,14
PhysicalDeviceMemory,Type,4,heapIndex,2
PhysicalDeviceMemory,Type,4,propertyFlags,7
Extension,VK_KHR_dedicated_allocation,0
Extension,VK_KHR_bind_memory2,0
Extension,VK_EXT_memory_budget,0
Extension,VK_AMD_device_coherent_memory,0
Macro,VMA_DEBUG_ALWAYS_DEDICATED_MEMORY,0
Macro,VMA_DEBUG_ALIGNMENT,1
Macro,VMA_DEBUG_MARGIN,0
Macro,VMA_DEBUG_INITIALIZE_ALLOCATIONS,0
Macro,VMA_DEBUG_DETECT_CORRUPTION,0
Macro,VMA_DEBUG_GLOBAL_MUTEX,0
Macro,VMA_DEBUG_MIN_BUFFER_IMAGE_GRANULARITY,1
Macro,VMA_SMALL_HEAP_MAX_SIZE,1073741824
Macro,VMA_DEFAULT_LARGE_HEAP_BLOCK_SIZE,268435456
Config,End
6836,0.001,0,vmaCreateAllocator
6836,0.070,0,vmaCreateImage,0,1,126,1280,720,1,1,1,1,0,32,0,0,0,1,0,0,0,0000000000000000,0000028195F2FE00,
6836,0.071,0,vmaGetAllocationInfo,0000028195F2FE00
6836,0.242,0,vmaCreateImage,16,1,37,1,1,1,1,6,1,0,15,0,0,0,1,0,0,0,0000000000000000,0000028195F2FE50,
6836,0.242,0,vmaGetAllocationInfo,0000028195F2FE50
6836,0.244,0,vmaCreateBuffer,0,24,1,0,0,3,0,0,0,0000000000000000,0000028195F2FEA0,
6836,0.244,0,vmaGetAllocationInfo,0000028195F2FEA0
6836,0.244,0,vmaMapMemory,0000028195F2FEA0
6836,0.245,0,vmaUnmapMemory,0000028195F2FEA0
6836,0.259,0,vmaGetAllocationInfo,0000028195F2FEA0
6836,0.259,0,vmaDestroyBuffer,0000028195F2FEA0
6836,0.259,0,vmaCreateImage,0,1,37,1,1,1,1,1,1,0,7,0,0,0,1,0,0,0,0000000000000000,0000028195F2FEA0,
6836,0.259,0,vmaGetAllocationInfo,0000028195F2FEA0
6836,0.259,0,vmaCreateBuffer,0,4,1,0,0,3,0,0,0,0000000000000000,0000028195F2FEF0,
6836,0.259,0,vmaGetAllocationInfo,0000028195F2FEF0
6836,0.260,0,vmaMapMemory,0000028195F2FEF0
6836,0.260,0,vmaUnmapMemory,0000028195F2FEF0
6836,0.260,0,vmaGetAllocationInfo,0000028195F2FEF0
6836,0.260,0,vmaDestroyBuffer,0000028195F2FEF0
6836,0.260,0,vmaCreateImage,0,1,109,4,4,1,1,1,1,0,7,0,0,0,1,0,0,0,0000000000000000,0000028195F2FEF0,
6836,0.260,0,vmaGetAllocationInfo,0000028195F2FEF0
6836,0.264,0,vmaCreateBuffer,0,256,1,0,0,3,0,0,0,0000000000000000,0000028195F2FF40,
6836,0.264,0,vmaGetAllocationInfo,0000028195F2FF40
6836,0.264,0,vmaMapMemory,0000028195F2FF40
6836,0.264,0,vmaUnmapMemory,0000028195F2FF40
6836,0.265,0,vmaGetAllocationInfo,0000028195F2FF40
6836,0.265,0,vmaDestroyBuffer,0000028195F2FF40
6836,0.267,0,vmaCreateBuffer,0,160,16,0,0,3,0,0,0,0000000000000000,0000028195F2FF40,
6836,0.267,0,vmaGetAllocationInfo,0000028195F2FF40
6836,0.267,0,vmaMapMemory,0000028195F2FF40
6836,0.267,0,vmaUnmapMemory,0000028195F2FF40
6836,0.267,0,vmaCreateBuffer,0,160,16,0,0,3,0,0,0,0000000000000000,0000028195F2FF90,
6836,0.267,0,vmaGetAllocationInfo,0000028195F2FF90
6836,0.267,0,vmaMapMemory,0000028195F2FF90
6836,0.267,0,vmaUnmapMemory,0000028195F2FF90
6836,0.267,0,vmaCreateBuffer,0,160,16,0,0,3,0,0,0,0000000000000000,0000028195F2FFE0,
6836,0.267,0,vmaGetAllocationInfo,0000028195F2FFE0
6836,0.267,0,vmaMapMemory,0000028195F2FFE0
6836,0.267,0,vmaUnmapMemory,0000028195F2FFE0
6836,0.267,0,vmaCreateBuffer,0,64,16,0,0,3,0,0,0,0000000000000000,0000028195F30030,
6836,0.267,0,vmaGetAllocationInfo,0000028195F30030
6836,0.267,0,vmaMapMemory,0000028195F30030
6836,0.267,0,vmaUnmapMemory,0000028195F30030
6836,0.267,0,vmaCreateBuffer,0,64,16,0,0,3,0,0,0,0000000000000000,0000028195F30080,
6836,0.267,0,vmaGetAllocationInfo,0000028195F30080
6836,0.267,0,vmaMapMemory,0000028195F30080
6836,0.267,0,vmaUnmapMemory,0000028195F30080
6836,0.267,0,vmaCreateBuffer,0,64,16,0,0,3,0,0,0,0000000000000000,0000028195F300D0,
6836,0.267,0,vmaGetAllocationInfo,0000028195F300D0
6836,0.267,0,vmaMapMemory,0000028195F300D0
6836,0.267,0,vmaUnmapMemory,0000028195F300D0
6836,0.267,0,vmaCreateBuffer,0,4112,16,0,0,3,0,0,0,0000000000000000,0000028195F30120,
6836,0.267,0,vmaGetAllocationInfo,0000028195F30120
6836,0.267,0,vmaMapMemory,0000028195F30120
6836,0.267,0,vmaUnmapMemory,0000028195F30120
6836,0.267,0,vmaCreateBuffer,0,4112,16,0,0,3,0,0,0,0000000000000000,0000028195F30170,
6836,0.267,0,vmaGetAllocationInfo,0000028195F30170
6836,0.267,0,vmaMapMemory,0000028195F30170
6836,0.268,0,vmaUnmapMemory,0000028195F30170
6836,0.268,0,vmaCreateBuffer,0,4112,16,0,0,3,0,0,0,0000000000000000,0000028195F301C0,
6836,0.268,0,vmaGetAllocationInfo,0000028195F301C0
6836,0.268,0,vmaMapMemory,0000028195F301C0
6836,0.268,0,vmaUnmapMemory,0000028195F301C0
6836,0.268,0,vmaCreateBuffer,0,16,16,0,0,3,0,0,0,0000000000000000,0000028195F30210,
6836,0.268,0,vmaGetAllocationInfo,0000028195F30210
6836,0.268,0,vmaMapMemory,0000028195F30210
6836,0.268,0,vmaUnmapMemory,0000028195F30210
6836,0.268,0,vmaCreateBuffer,0,16,16,0,0,3,0,0,0,0000000000000000,0000028195F30260,
6836,0.268,0,vmaGetAllocationInfo,0000028195F30260
6836,0.268,0,vmaMapMemory,0000028195F30260
6836,0.268,0,vmaUnmapMemory,0000028195F30260
6836,0.268,0,vmaCreateBuffer,0,16,16,0,0,3,0,0,0,0000000000000000,0000028195F302B0,
6836,0.268,0,vmaGetAllocationInfo,0000028195F302B0
6836,0.268,0,vmaMapMemory,0000028195F302B0
6836,0.268,0,vmaUnmapMemory,0000028195F302B0
6836,0.268,0,vmaCreateBuffer,0,656,16,0,0,3,0,0,0,0000000000000000,0000028195F30300,
6836,0.268,0,vmaGetAllocationInfo,0000028195F30300
6836,0.268,0,vmaMapMemory,0000028195F30300
6836,0.268,0,vmaUnmapMemory,0000028195F30300
6836,0.268,0,vmaCreateBuffer,0,656,16,0,0,3,0,0,0,0000000000000000,0000028195F30350,
6836,0.268,0,vmaGetAllocationInfo,0000028195F30350
6836,0.268,0,vmaMapMemory,0000028195F30350
6836,0.268,0,vmaUnmapMemory,0000028195F30350
6836,0.268,0,vmaCreateBuffer,0,656,16,0,0,3,0,0,0,0000000000000000,0000028195F303A0,
6836,0.268,0,vmaGetAllocationInfo,0000028195F303A0
6836,0.268,0,vmaMapMemory,0000028195F303A0
6836,0.268,0,vmaUnmapMemory,0000028195F303A0
6836,0.268,0,vmaCreateBuffer,0,12,16,0,0,3,0,0,0,0000000000000000,0000028195F303F0,
6836,0.268,0,vmaGetAllocationInfo,0000028195F303F0
6836,0.268,0,vmaMapMemory,0000028195F303F0
6836,0.268,0,vmaUnmapMemory,0000028195F303F0
6836,0.268,0,vmaCreateBuffer,0,108,16,0,0,3,0,0,0,0000000000000000,0000028195F30440,
6836,0.268,0,vmaGetAllocationInfo,0000028195F30440
6836,0.268,0,vmaMapMemory,0000028195F30440
6836,0.268,0,vmaUnmapMemory,0000028195F30440
6836,0.268,0,vmaCreateBuffer,0,49152,32,0,0,3,0,0,0,0000000000000000,0000028195F30490,
6836,0.269,0,vmaGetAllocationInfo,0000028195F30490
6836,0.269,0,vmaCreateBuffer,0,49152,32,0,0,3,0,0,0,0000000000000000,0000028195F304E0,
6836,0.269,0,vmaGetAllocationInfo,0000028195F304E0
6836,0.269,0,vmaCreateBuffer,0,49152,32,0,0,3,0,0,0,0000000000000000,0000028195F30530,
6836,0.269,0,vmaGetAllocationInfo,0000028195F30530
6836,0.269,0,vmaCreateBuffer,0,67108864,32,0,0,3,0,0,0,0000000000000000,0000028195F30580,
6836,0.269,0,vmaGetAllocationInfo,0000028195F30580
6836,0.297,0,vmaCreateBuffer,0,67108864,32,0,0,3,0,0,0,0000000000000000,0000028195F305D0,
6836,0.297,0,vmaGetAllocationInfo,0000028195F305D0
6836,0.298,0,vmaCreateBuffer,0,67108864,32,0,0,3,0,0,0,0000000000000000,0000028195F30620,
6836,0.298,0,vmaGetAllocationInfo,0000028195F30620
6836,0.299,0,vmaCreateBuffer,0,224,1,0,0,2,0,0,0,0000000000000000,0000028195F30670,
6836,0.299,0,vmaGetAllocationInfo,0000028195F30670
6836,0.299,0,vmaMapMemory,0000028195F30670
6836,0.299,0,vmaUnmapMemory,0000028195F30670
6836,0.299,0,vmaCreateBuffer,0,224,130,0,0,1,0,0,0,0000000000000000,0000028195F306C0,
6836,0.299,0,vmaGetAllocationInfo,0000028195F306C0
6836,0.329,0,vmaGetAllocationInfo,0000028195F30670
6836,0.329,0,vmaDestroyBuffer,0000028195F30670
6836,0.329,0,vmaCreateBuffer,0,24,1,0,0,2,0,0,0,0000000000000000,0000028195F30670,
6836,0.329,0,vmaGetAllocationInfo,0000028195F30670
6836,0.329,0,vmaMapMemory,0000028195F30670
6836,0.329,0,vmaUnmapMemory,0000028195F30670
6836,0.329,0,vmaCreateBuffer,0,24,66,0,0,1,0,0,0,0000000000000000,0000028195F30710,
6836,0.329,0,vmaGetAllocationInfo,0000028195F30710
6836,0.330,0,vmaGetAllocationInfo,0000028195F30670
6836,0.330,0,vmaDestroyBuffer,0000028195F30670
6836,0.723,0,vmaCreateImage,0,1,83,512,512,1,1,1,1,0,20,0,0,0,1,0,0,0,0000000000000000,0000028195F30670,
6836,0.723,0,vmaGetAllocationInfo,0000028195F30670
6836,0.724,0,vmaGetAllocationInfo,0000028195F30670
6836,0.724,0,vmaDestroyImage,0000028195F30670
6836,0.724,0,vmaCreateImage,0,1,83,512,512,1,1,1,1,0,20,0,0,0,1,0,0,0,0000000000000000,0000028195F30670,
6836,0.724,0,vmaGetAllocationInfo,0000028195F30670
6836,0.731,0,vmaMapMemory,0000028195F303F0
6836,0.731,0,vmaUnmapMemory,0000028195F303F0
6836,0.731,0,vmaMapMemory,0000028195F30210
6836,0.731,0,vmaUnmapMemory,0000028195F30210
6836,0.746,0,vmaCreateImage,0,1,109,1280,720,1,1,1,1,0,20,0,0,0,1,0,0,0,0000000000000000,0000028195F30760,
6836,0.746,0,vmaGetAllocationInfo,0000028195F30760
6836,0.746,0,vmaCreateImage,0,1,109,1280,720,1,1,1,1,0,20,0,0,0,1,0,0,0,0000000000000000,0000028195F307B0,
6836,0.746,0,vmaGetAllocationInfo,0000028195F307B0
6836,0.747,0,vmaCreateImage,0,1,109,1280,720,1,1,1,1,0,20,0,0,0,1,0,0,0,0000000000000000,0000028195F30800,
6836,0.747,0,vmaGetAllocationInfo,0000028195F30800
6836,0.747,0,vmaCreateImage,0,1,109,1280,720,1,1,1,1,0,20,0,0,0,1,0,0,0,0000000000000000,0000028195F30850,
6836,0.747,0,vmaGetAllocationInfo,0000028195F30850
6836,0.747,0,vmaCreateImage,0,1,126,1280,720,1,1,1,1,0,36,0,0,0,1,0,0,0,0000000000000000,0000028195F308A0,
6836,0.747,0,vmaGetAllocationInfo,0000028195F308A0
6836,0.748,0,vmaGetAllocationInfo,0000028195F30760
6836,0.748,0,vmaDestroyImage,0000028195F30760
6836,0.750,0,vmaGetAllocationInfo,0000028195F307B0
6836,0.750,0,vmaDestroyImage,0000028195F307B0
6836,0.750,0,vmaGetAllocationInfo,0000028195F30800
6836,0.750,0,vmaDestroyImage,0000028195F30800
6836,0.750,0,vmaGetAllocationInfo,0000028195F30850
6836,0.750,0,vmaDestroyImage,0000028195F30850
6836,0.750,0,vmaGetAllocationInfo,0000028195F308A0
6836,0.750,0,vmaDestroyImage,0000028195F308A0
6836,0.751,0,vmaCreateImage,0,1,109,1280,720,1,1,1,1,0,20,0,0,0,1,0,0,0,0000000000000000,0000028195F308A0,
6836,0.751,0,vmaGetAllocationInfo,0000028195F308A0
6836,0.751,0,vmaCreateImage,0,1,109,1280,720,1,1,1,1,0,20,0,0,0,1,0,0,0,0000000000000000,0000028195F30850,
6836,0.751,0,vmaGetAllocationInfo,0000028195F30850
6836,0.751,0,vmaCreateImage,0,1,109,1280,720,1,1,1,1,0,20,0,0,0,1,0,0,0,0000000000000000,0000028195F30800,
6836,0.751,0,vmaGetAllocationInfo,0000028195F30800
6836,0.751,0,vmaCreateImage,0,1,109,1280,720,1,1,1,1,0,20,0,0,0,1,0,0,0,0000000000000000,0000028195F307B0,
6836,0.752,0,vmaGetAllocationInfo,0000028195F307B0
6836,0.752,0,vmaCreateImage,0,1,126,1280,720,1,1,1,1,0,36,0,0,0,1,0,0,0,0000000000000000,0000028195F30760,
6836,0.752,0,vmaGetAllocationInfo,0000028195F30760
6836,0.754,0,vmaCreateImage,0,1,37,1280,720,1,1,1,1,0,20,0,0,0,1,0,0,0,0000000000000000,0000028195F308F0,
6836,0.754,0,vmaGetAllocationInfo,0000028195F308F0
6836,0.754,0,vmaCreateImage,0,1,126,1280,720,1,1,1,1,0,36,0,0,0,1,0,0,0,0000000000000000,0000028195F30940,
6836,0.754,0,vmaGetAllocationInfo,0000028195F30940
6836,0.755,0,vmaGetAllocationInfo,0000028195F308F0
6836,0.755,0,vmaDestroyImage,0000028195F308F0
6836,0.755,0,vmaGetAllocationInfo,0000028195F30940
6836,0.755,0,vmaDestroyImage,0000028195F30940
6836,0.755,0,vmaCreateImage,0,1,37,1280,720,1,1,1,1,0,20,0,0,0,1,0,0,0,0000000000000000,0000028195F30940,
6836,0.755,0,vmaGetAllocationInfo,0000028195F30940
6836,0.756,0,vmaCreateImage,0,1,126,1280,720,1,1,1,1,0,36,0,0,0,1,0,0,0,0000000000000000,0000028195F308F0,
6836,0.756,0,vmaGetAllocationInfo,0000028195F308F0
6836,0.837,0,vmaCreateBuffer,0,16777216,1,0,0,3,0,0,0,0000000000000000,0000028195F30990,
6836,0.837,0,vmaGetAllocationInfo,0000028195F30990
6836,0.837,0,vmaMapMemory,0000028195F30990
6836,0.838,0,vmaUnmapMemory,0000028195F30990
6836,0.838,0,vmaCreateImage,0,1,37,2048,2048,1,12,1,1,0,7,0,0,0,1,0,0,0,0000000000000000,0000028195F309E0,
6836,0.838,0,vmaGetAllocationInfo,0000028195F309E0
6836,0.841,0,vmaGetAllocationInfo,0000028195F30990
6836,0.841,0,vmaDestroyBuffer,0000028195F30990
6836,0.917,0,vmaCreateBuffer,0,16777216,1,0,0,3,0,0,0,0000000000000000,0000028195F30990,
6836,0.917,0,vmaGetAllocationInfo,0000028195F30990
6836,0.917,0,vmaMapMemory,0000028195F30990
6836,0.919,0,vmaUnmapMemory,0000028195F30990
6836,0.919,0,vmaCreateImage,0,1,37,2048,2048,1,12,1,1,0,7,0,0,0,1,0,0,0,0000000000000000,0000028195F30A30,
6836,0.919,0,vmaGetAllocationInfo,0000028195F30A30
6836,0.924,0,vmaGetAllocationInfo,0000028195F30990
6836,0.924,0,vmaDestroyBuffer,0000028195F30990
6836,0.996,0,vmaCreateBuffer,0,16777216,1,0,0,3,0,0,0,0000000000000000,0000028195F30990,
6836,0.996,0,vmaGetAllocationInfo,0000028195F30990
6836,0.996,0,vmaMapMemory,0000028195F30990
6836,0.997,0,vmaUnmapMemory,0000028195F30990
6836,0.997,0,vmaCreateImage,0,1,37,2048,2048,1,12,1,1,0,7,0,0,0,1,0,0,0,0000000000000000,0000028195F30A80,
6836,0.997,0,vmaGetAllocationInfo,0000028195F30A80
6836,1.000,0,vmaGetAllocationInfo,0000028195F30990
6836,1.000,0,vmaDestroyBuffer,0000028195F30990
6836,1.043,0,vmaCreateBuffer,0,4194304,1,0,0,3,0,0,0,0000000000000000,0000028195F30990,
6836,1.043,0,vmaGetAllocationInfo,0000028195F30990
6836,1.043,0,vmaMapMemory,0000028195F30990
6836,1.045,0,vmaUnmapMemory,0000028195F30990
6836,1.046,0,vmaCreateImage,0,1,37,1024,1024,1,11,1,1,0,7,0,0,0,1,0,0,0,0000000000000000,0000028195F30AD0,
6836,1.046,0,vmaGetAllocationInfo,0000028195F30AD0
6836,1.047,0,vmaGetAllocationInfo,0000028195F30990
6836,1.047,0,vmaDestroyBuffer,0000028195F30990
6836,1.088,0,vmaCreateBuffer,0,4194304,1,0,0,3,0,0,0,0000000000000000,0000028195F30990,
6836,1.088,0,vmaGetAllocationInfo,0000028195F30990
6836,1.088,0,vmaMapMemory,0000028195F30990
6836,1.091,0,vmaUnmapMemory,0000028195F30990
6836,1.091,0,vmaCreateImage,0,1,37,1024,1024,1,11,1,1,0,7,0,0,0,1,0,0,0,0000000000000000,0000028195F30B20,
6836,1.091,0,vmaGetAllocationInfo,0000028195F30B20
6836,1.092,0,vmaGetAllocationInfo,0000028195F30990
6836,1.092,0,vmaDestroyBuffer,0000028195F30990
6836,1.132,0,vmaCreateBuffer,0,4194304,1,0,0,3,0,0,0,0000000000000000,0000028195F30990,
6836,1.132,0,vmaGetAllocationInfo,0000028195F30990
6836,1.132,0,vmaMapMemory,0000028195F30990
6836,1.134,0,vmaUnmapMemory,0000028195F30990
6836,1.134,0,vmaCreateImage,0,1,37,1024,1024,1,11,1,1,0,7,0,0,0,1,0,0,0,0000000000000000,0000028195F30B70,
6836,1.134,0,vmaGetAllocationInfo,0000028195F30B70
6836,1.135,0,vmaGetAllocationInfo,0000028195F30990
6836,1.135,0,vmaDestroyBuffer,0000028195F30990
6836,1.283,0,vmaCreateBuffer,0,67108864,1,0,0,3,0,0,0,0000000000000000,0000028195F30990,
6836,1.283,0,vmaGetAllocationInfo,0000028195F30990
6836,1.283,0,vmaMapMemory,0000028195F30990
6836,1.295,0,vmaUnmapMemory,0000028195F30990
6836,1.296,0,vmaCreateImage,0,1,37,4096,4096,1,13,1,1,0,7,0,0,0,1,0,0,0,0000000000000000,0000028195F30BC0,
6836,1.296,0,vmaGetAllocationInfo,0000028195F30BC0
6836,1.305,0,vmaGetAllocationInfo,0000028195F30990
6836,1.305,0,vmaDestroyBuffer,0000028195F30990
6836,1.459,0,vmaCreateBuffer,0,67108864,1,0,0,3,0,0,0,0000000000000000,0000028195F30990,
6836,1.459,0,vmaGetAllocationInfo,0000028195F30990
6836,1.459,0,vmaMapMemory,0000028195F30990
6836,1.465,0,vmaUnmapMemory,0000028195F30990
6836,1.465,0,vmaCreateImage,0,1,37,4096,4096,1,13,1,1,0,7,0,0,0,1,0,0,0,0000000000000000,0000028195F30C10,
6836,1.466,0,vmaGetAllocationInfo,0000028195F30C10
6836,1.475,0,vmaGetAllocationInfo,0000028195F30990
6836,1.475,0,vmaDestroyBuffer,0000028195F30990
6836,1.622,0,vmaCreateBuffer,0,67108864,1,0,0,3,0,0,0,0000000000000000,0000028195F30990,
6836,1.622,0,vmaGetAllocationInfo,0000028195F30990
6836,1.622,0,vmaMapMemory,0000028195F30990
6836,1.627,0,vmaUnmapMemory,0000028195F30990
6836,1.628,0,vmaCreateImage,0,1,37,4096,4096,1,13,1,1,0,7,0,0,0,1,0,0,0,0000000000000000,0000028195F30C60,
6836,1.628,0,vmaGetAllocationInfo,0000028195F30C60
6836,1.637,0,vmaGetAllocationInfo,0000028195F30990
6836,1.637,0,vmaDestroyBuffer,0000028195F30990
6836,1.685,0,vmaCreateBuffer,0,4194304,1,0,0,3,0,0,0,0000000000000000,0000028195F30990,
6836,1.685,0,vmaGetAllocationInfo,0000028195F30990
6836,1.686,0,vmaMapMemory,0000028195F30990
6836,1.688,0,vmaUnmapMemory,0000028195F30990
6836,1.688,0,vmaCreateImage,0,1,37,1024,1024,1,11,1,1,0,7,0,0,0,1,0,0,0,0000000000000000,0000028195F30CB0,
6836,1.688,0,vmaGetAllocationInfo,0000028195F30CB0
6836,1.689,0,vmaGetAllocationInfo,0000028195F30990
6836,1.689,0,vmaDestroyBuffer,0000028195F30990
6836,1.730,0,vmaCreateBuffer,0,4194304,1,0,0,3,0,0,0,0000000000000000,0000028195F30990,
6836,1.730,0,vmaGetAllocationInfo,0000028195F30990
6836,1.730,0,vmaMapMemory,0000028195F30990
6836,1.732,0,vmaUnmapMemory,0000028195F30990
6836,1.734,0,vmaCreateImage,0,1,37,1024,1024,1,11,1,1,0,7,0,0,0,1,0,0,0,0000000000000000,0000028195F30D00,
6836,1.734,0,vmaGetAllocationInfo,0000028195F30D00
6836,1.740,0,vmaGetAllocationInfo,0000028195F30990
6836,1.740,0,vmaDestroyBuffer,0000028195F30990
6836,1.779,0,vmaCreateBuffer,0,4194304,1,0,0,3,0,0,0,0000000000000000,0000028195F30990,
6836,1.779,0,vmaGetAllocationInfo,0000028195F30990
6836,1.779,0,vmaMapMemory,0000028195F30990
6836,1.781,0,vmaUnmapMemory,0000028195F30990
6836,1.781,0,vmaCreateImage,0,1,37,1024,1024,1,11,1,1,0,7,0,0,0,1,0,0,0,0000000000000000,0000028195F30D50,
6836,1.781,0,vmaGetAllocationInfo,0000028195F30D50
6836,1.782,0,vmaGetAllocationInfo,0000028195F30990
6836,1.782,0,vmaDestroyBuffer,0000028195F30990
6836,1.825,0,vmaCreateBuffer,0,4194304,1,0,0,3,0,0,0,0000000000000000,0000028195F30990,
6836,1.825,0,vmaGetAllocationInfo,0000028195F30990
6836,1.825,0,vmaMapMemory,0000028195F30990
6836,1.827,0,vmaUnmapMemory,0000028195F30990
6836,1.827,0,vmaCreateImage,0,1,37,1024,1024,1,11,1,1,0,7,0,0,0,1,0,0,0,0000000000000000,0000028195F30DA0,
6836,1.827,0,vmaGetAllocationInfo,0000028195F30DA0
6836,1.828,0,vmaGetAllocationInfo,0000028195F30990
6836,1.828,0,vmaDestroyBuffer,0000028195F30990
6836,1.867,0,vmaCreateBuffer,0,4194304,1,0,0,3,0,0,0,0000000000000000,0000028195F30990,
6836,1.868,0,vmaGetAllocationInfo,0000028195F30990
6836,1.868,0,vmaMapMemory,0000028195F30990
6836,1.869,0,vmaUnmapMemory,0000028195F30990
6836,1.869,0,vmaCreateImage,0,1,37,1024,1024,1,11,1,1,0,7,0,0,0,1,0,0,0,0000000000000000,0000028195F30DF0,
6836,1.870,0,vmaGetAllocationInfo,0000028195F30DF0
6836,1.871,0,vmaGetAllocationInfo,0000028195F30990
6836,1.871,0,vmaDestroyBuffer,0000028195F30990
6836,1.910,0,vmaCreateBuffer,0,4194304,1,0,0,3,0,0,0,0000000000000000,0000028195F30990,
6836,1.910,0,vmaGetAllocationInfo,0000028195F30990
6836,1.910,0,vmaMapMemory,0000028195F30990
6836,1.912,0,vmaUnmapMemory,0000028195F30990
6836,1.912,0,vmaCreateImage,0,1,37,1024,1024,1,11,1,1,0,7,0,0,0,1,0,0,0,0000000000000000,0000028195F30E40,
6836,1.912,0,vmaGetAllocationInfo,0000028195F30E40
6836,1.913,0,vmaGetAllocationInfo,0000028195F30990
6836,1.913,0,vmaDestroyBuffer,0000028195F30990
6836,1.954,0,vmaCreateBuffer,0,4194304,1,0,0,3,0,0,0,0000000000000000,0000028195F30990,
6836,1.954,0,vmaGetAllocationInfo,0000028195F30990
6836,1.954,0,vmaMapMemory,0000028195F30990
6836,1.955,0,vmaUnmapMemory,0000028195F30990
6836,1.956,0,vmaCreateImage,0,1,37,1024,1024,1,11,1,1,0,7,0,0,0,1,0,0,0,0000000000000000,0000028195F30E90,
6836,1.956,0,vmaGetAllocationInfo,0000028195F30E90
6836,1.957,0,vmaGetAllocationInfo,0000028195F30990
6836,1.957,0,vmaDestroyBuffer,0000028195F30990
6836,1.995,0,vmaCreateBuffer,0,4194304,1,0,0,3,0,0,0,0000000000000000,0000028195F30990,
6836,1.995,0,vmaGetAllocationInfo,0000028195F30990
6836,1.995,0,vmaMapMemory,0000028195F30990
6836,1.997,0,vmaUnmapMemory,0000028195F30990
6836,1.997,0,vmaCreateImage,0,1,37,1024,1024,1,11,1,1,0,7,0,0,0,1,0,0,0,0000000000000000,0000028195F30EE0,
6836,1.997,0,vmaGetAllocationInfo,0000028195F30EE0
6836,1.998,0,vmaGetAllocationInfo,0000028195F30990
6836,1.998,0,vmaDestroyBuffer,0000028195F30990
6836,2.040,0,vmaCreateBuffer,0,4194304,1,0,0,3,0,0,0,0000000000000000,0000028195F30990,
6836,2.040,0,vmaGetAllocationInfo,0000028195F30990
6836,2.040,0,vmaMapMemory,0000028195F30990
6836,2.042,0,vmaUnmapMemory,0000028195F30990
6836,2.042,0,vmaCreateImage,0,1,37,1024,1024,1,11,1,1,0,7,0,0,0,1,0,0,0,0000000000000000,0000028195F30F30,
6836,2.042,0,vmaGetAllocationInfo,0000028195F30F30
6836,2.044,0,vmaGetAllocationInfo,0000028195F30990
6836,2.044,0,vmaDestroyBuffer,0000028195F30990
6836,2.090,0,vmaCreateBuffer,0,4194304,1,0,0,3,0,0,0,0000000000000000,0000028195F30990,
6836,2.090,0,vmaGetAllocationInfo,0000028195F30990
6836,2.090,0,vmaMapMemory,0000028195F30990
6836,2.092,0,vmaUnmapMemory,0000028195F30990
6836,2.092,0,vmaCreateImage,0,1,37,1024,1024,1,11,1,1,0,7,0,0,0,1,0,0,0,0000000000000000,0000028195F30F80,
6836,2.092,0,vmaGetAllocationInfo,0000028195F30F80
6836,2.093,0,vmaGetAllocationInfo,0000028195F30990
6836,2.093,0,vmaDestroyBuffer,0000028195F30990
6836,2.105,0,vmaCreateBuffer,0,4194304,1,0,0,3,0,0,0,0000000000000000,0000028195F30990,
6836,2.105,0,vmaGetAllocationInfo,0000028195F30990
6836,2.105,0,vmaMapMemory,0000028195F30990
6836,2.107,0,vmaUnmapMemory,0000028195F30990
6836,2.107,0,vmaCreateImage,0,1,37,1024,1024,1,11,1,1,0,7,0,0,0,1,0,0,0,0000000000000000,0000028195F30FD0,
6836,2.107,0,vmaGetAllocationInfo,0000028195F30FD0
6836,2.108,0,vmaGetAllocationInfo,0000028195F30990
6836,2.108,0,vmaDestroyBuffer,0000028195F30990
6836,2.148,0,vmaCreateBuffer,0,4194304,1,0,0,3,0,0,0,0000000000000000,0000028195F30990,
6836,2.148,0,vmaGetAllocationInfo,0000028195F30990
6836,2.148,0,vmaMapMemory,0000028195F30990
6836,2.150,0,vmaUnmapMemory,0000028195F30990
6836,2.150,0,vmaCreateImage,0,1,37,1024,1024,1,11,1,1,0,7,0,0,0,1,0,0,0,0000000000000000,0000028195F31020,
6836,2.150,0,vmaGetAllocationInfo,0000028195F31020
6836,2.151,0,vmaGetAllocationInfo,0000028195F30990
6836,2.151,0,vmaDestroyBuffer,0000028195F30990
6836,2.162,0,vmaCreateBuffer,0,4194304,1,0,0,3,0,0,0,0000000000000000,0000028195F30990,
6836,2.162,0,vmaGetAllocationInfo,0000028195F30990
6836,2.162,0,vmaMapMemory,0000028195F30990
6836,2.163,0,vmaUnmapMemory,0000028195F30990
6836,2.164,0,vmaCreateImage,0,1,37,1024,1024,1,11,1,1,0,7,0,0,0,1,0,0,0,0000000000000000,0000028195F31070,
6836,2.164,0,vmaGetAllocationInfo,0000028195F31070
6836,2.165,0,vmaGetAllocationInfo,0000028195F30990
6836,2.165,0,vmaDestroyBuffer,0000028195F30990
6836,2.205,0,vmaCreateBuffer,0,4194304,1,0,0,3,0,0,0,0000000000000000,0000028195F30990,
6836,2.205,0,vmaGetAllocationInfo,0000028195F30990
6836,2.205,0,vmaMapMemory,0000028195F30990
6836,2.207,0,vmaUnmapMemory,0000028195F30990
6836,2.207,0,vmaCreateImage,0,1,37,1024,1024,1,11,1,1,0,7,0,0,0,1,0,0,0,0000000000000000,0000028195F310C0,
6836,2.207,0,vmaGetAllocationInfo,0000028195F310C0
6836,2.208,0,vmaGetAllocationInfo,0000028195F30990
6836,2.208,0,vmaDestroyBuffer,0000028195F30990
6836,2.249,0,vmaCreateBuffer,0,4194304,1,0,0,3,0,0,0,0000000000000000,0000028195F30990,
6836,2.249,0,vmaGetAllocationInfo,0000028195F30990
6836,2.249,0,vmaMapMemory,0000028195F30990
6836,2.251,0,vmaUnmapMemory,0000028195F30990
6836,2.251,0,vmaCreateImage,0,1,37,1024,1024,1,11,1,1,0,7,0,0,0,1,0,0,0,0000000000000000,0000028195F31110,
6836,2.251,0,vmaGetAllocationInfo,0000028195F31110
6836,2.252,0,vmaGetAllocationInfo,0000028195F30990
6836,2.252,0,vmaDestroyBuffer,0000028195F30990
6836,2.295,0,vmaCreateBuffer,0,4194304,1,0,0,3,0,0,0,0000000000000000,0000028195F30990,
6836,2.295,0,vmaGetAllocationInfo,0000028195F30990
6836,2.295,0,vmaMapMemory,0000028195F30990
6836,2.297,0,vmaUnmapMemory,0000028195F30990
6836,2.297,0,vmaCreateImage,0,1,37,1024,1024,1,11,1,1,0,7,0,0,0,1,0,0,0,0000000000000000,0000028195F31160,
6836,2.297,0,vmaGetAllocationInfo,0000028195F31160
6836,2.298,0,vmaGetAllocationInfo,0000028195F30990
6836,2.298,0,vmaDestroyBuffer,0000028195F30990
6836,2.337,0,vmaCreateBuffer,0,4194304,1,0,0,3,0,0,0,0000000000000000,0000028195F30990,
6836,2.337,0,vmaGetAllocationInfo,0000028195F30990
6836,2.337,0,vmaMapMemory,0000028195F30990
6836,2.339,0,vmaUnmapMemory,0000028195F30990
6836,2.339,0,vmaCreateImage,0,1,37,1024,1024,1,11,1,1,0,7,0,0,0,1,0,0,0,0000000000000000,0000028195F311B0,
6836,2.339,0,vmaGetAllocationInfo,0000028195F311B0
6836,2.340,0,vmaGetAllocationInfo,0000028195F30990
6836,2.340,0,vmaDestroyBuffer,0000028195F30990
6836,2.379,0,vmaCreateBuffer,0,4194304,1,0,0,3,0,0,0,0000000000000000,0000028195F30990,
6836,2.380,0,vmaGetAllocationInfo,0000028195F30990
6836,2.380,0,vmaMapMemory,0000028195F30990
6836,2.381,0,vmaUnmapMemory,0000028195F30990
6836,2.381,0,vmaCreateImage,0,1,37,1024,1024,1,11,1,1,0,7,0,0,0,1,0,0,0,0000000000000000,0000028195F31200,
6836,2.382,0,vmaGetAllocationInfo,0000028195F31200
6836,2.383,0,vmaGetAllocationInfo,0000028195F30990
6836,2.383,0,vmaDestroyBuffer,0000028195F30990
6836,2.424,0,vmaCreateBuffer,0,4194304,1,0,0,3,0,0,0,0000000000000000,0000028195F30990,
6836,2.424,0,vmaGetAllocationInfo,0000028195F30990
6836,2.424,0,vmaMapMemory,0000028195F30990
6836,2.426,0,vmaUnmapMemory,0000028195F30990
6836,2.426,0,vmaCreateImage,0,1,37,1024,1024,1,11,1,1,0,7,0,0,0,1,0,0,0,0000000000000000,0000028195F31250,
6836,2.426,0,vmaGetAllocationInfo,0000028195F31250
6836,2.427,0,vmaGetAllocationInfo,0000028195F30990
6836,2.427,0,vmaDestroyBuffer,0000028195F30990
6836,2.466,0,vmaCreateBuffer,0,4194304,1,0,0,3,0,0,0,0000000000000000,0000028195F30990,
6836,2.466,0,vmaGetAllocationInfo,0000028195F30990
6836,2.466,0,vmaMapMemory,0000028195F30990
6836,2.469,0,vmaUnmapMemory,0000028195F30990
6836,2.469,0,vmaCreateImage,0,1,37,1024,1024,1,11,1,1,0,7,0,0,0,1,0,0,0,0000000000000000,0000028195F312A0,
6836,2.469,0,vmaGetAllocationInfo,0000028195F312A0
6836,2.470,0,vmaGetAllocationInfo,0000028195F30990
6836,2.471,0,vmaDestroyBuffer,0000028195F30990
6836,2.513,0,vmaCreateBuffer,0,4194304,1,0,0,3,0,0,0,0000000000000000,0000028195F30990,
6836,2.513,0,vmaGetAllocationInfo,0000028195F30990
6836,2.513,0,vmaMapMemory,0000028195F30990
6836,2.515,0,vmaUnmapMemory,0000028195F30990
6836,2.515,0,vmaCreateImage,0,1,37,1024,1024,1,11,1,1,0,7,0,0,0,1,0,0,0,0000000000000000,0000028195F312F0,
6836,2.515,0,vmaGetAllocationInfo,0000028195F312F0
6836,2.518,0,vmaGetAllocationInfo,0000028195F30990
6836,2.518,0,vmaDestroyBuffer,0000028195F30990
6836,2.558,0,vmaCreateBuffer,0,4194304,1,0,0,3,0,0,0,0000000000000000,0000028195F30990,
6836,2.558,0,vmaGetAllocationInfo,0000028195F30990
6836,2.558,0,vmaMapMemory,0000028195F30990
6836,2.561,0,vmaUnmapMemory,0000028195F30990
6836,2.561,0,vmaCreateImage,0,1,37,1024,1024,1,11,1,1,0,7,0,0,0,1,0,0,0,0000000000000000,0000028195F31340,
6836,2.561,0,vmaGetAllocationInfo,0000028195F31340
6836,2.562,0,vmaGetAllocationInfo,0000028195F30990
6836,2.562,0,vmaDestroyBuffer,0000028195F30990
6836,2.601,0,vmaCreateBuffer,0,4194304,1,0,0,3,0,0,0,0000000000000000,0000028195F30990,
6836,2.601,0,vmaGetAllocationInfo,0000028195F30990
6836,2.601,0,vmaMapMemory,0000028195F30990
6836,2.604,0,vmaUnmapMemory,0000028195F30990
6836,2.604,0,vmaCreateImage,0,1,37,1024,1024,1,11,1,1,0,7,0,0,0,1,0,0,0,0000000000000000,0000028195F31390,
6836,2.604,0,vmaGetAllocationInfo,0000028195F31390
6836,2.605,0,vmaGetAllocationInfo,0000028195F30990
6836,2.605,0,vmaDestroyBuffer,0000028195F30990
6836,2.646,0,vmaCreateBuffer,0,4194304,1,0,0,3,0,0,0,0000000000000000,0000028195F30990,
6836,2.646,0,vmaGetAllocationInfo,0000028195F30990
6836,2.646,0,vmaMapMemory,0000028195F30990
6836,2.648,0,vmaUnmapMemory,0000028195F30990
6836,2.649,0,vmaCreateImage,0,1,37,1024,1024,1,11,1,1,0,7,0,0,0,1,0,0,0,0000000000000000,0000028195F313E0,
6836,2.649,0,vmaGetAllocationInfo,0000028195F313E0
6836,2.651,0,vmaGetAllocationInfo,0000028195F30990
6836,2.651,0,vmaDestroyBuffer,0000028195F30990
6836,2.693,0,vmaCreateBuffer,0,4194304,1,0,0,3,0,0,0,0000000000000000,0000028195F30990,
6836,2.693,0,vmaGetAllocationInfo,0000028195F30990
6836,2.693,0,vmaMapMemory,0000028195F30990
6836,2.696,0,vmaUnmapMemory,0000028195F30990
6836,2.697,0,vmaCreateImage,0,1,37,1024,1024,1,11,1,1,0,7,0,0,0,1,0,0,0,0000000000000000,0000028195F31430,
6836,2.697,0,vmaGetAllocationInfo,0000028195F31430
6836,2.719,0,vmaGetAllocationInfo,0000028195F30990
6836,2.719,0,vmaDestroyBuffer,0000028195F30990
6836,2.760,0,vmaCreateBuffer,0,4194304,1,0,0,3,0,0,0,0000000000000000,0000028195F30990,
6836,2.760,0,vmaGetAllocationInfo,0000028195F30990
6836,2.760,0,vmaMapMemory,0000028195F30990
6836,2.763,0,vmaUnmapMemory,0000028195F30990
6836,2.763,0,vmaCreateImage,0,1,37,1024,1024,1,11,1,1,0,7,0,0,0,1,0,0,0,0000000000000000,0000028195F31480,
6836,2.763,0,vmaGetAllocationInfo,0000028195F31480
6836,2.766,0,vmaGetAllocationInfo,0000028195F30990
6836,2.766,0,vmaDestroyBuffer,0000028195F30990
6836,2.806,0,vmaCreateBuffer,0,4194304,1,0,0,3,0,0,0,0000000000000000,0000028195F30990,
6836,2.806,0,vmaGetAllocationInfo,0000028195F30990
6836,2.806,0,vmaMapMemory,0000028195F30990
6836,2.809,0,vmaUnmapMemory,0000028195F30990
6836,2.809,0,vmaCreateImage,0,1,37,1024,1024,1,11,1,1,0,7,0,0,0,1,0,0,0,0000000000000000,0000028195F314D0,
6836,2.809,0,vmaGetAllocationInfo,0000028195F314D0
6836,2.813,0,vmaGetAllocationInfo,0000028195F30990
6836,2.813,0,vmaDestroyBuffer,0000028195F30990
6836,2.854,0,vmaCreateBuffer,0,4194304,1,0,0,3,0,0,0,0000000000000000,0000028195F30990,
6836,2.854,0,vmaGetAllocationInfo,0000028195F30990
6836,2.854,0,vmaMapMemory,0000028195F30990
6836,2.857,0,vmaUnmapMemory,0000028195F30990
6836,2.857,0,vmaCreateImage,0,1,37,1024,1024,1,11,1,1,0,7,0,0,0,1,0,0,0,0000000000000000,0000028195F31520,
6836,2.857,0,vmaGetAllocationInfo,0000028195F31520
6836,2.860,0,vmaGetAllocationInfo,0000028195F30990
6836,2.860,0,vmaDestroyBuffer,0000028195F30990
6836,2.904,0,vmaCreateBuffer,0,4194304,1,0,0,3,0,0,0,0000000000000000,0000028195F30990,
6836,2.904,0,vmaGetAllocationInfo,0000028195F30990
6836,2.904,0,vmaMapMemory,0000028195F30990
6836,2.907,0,vmaUnmapMemory,0000028195F30990
6836,2.907,0,vmaCreateImage,0,1,37,1024,1024,1,11,1,1,0,7,0,0,0,1,0,0,0,0000000000000000,0000028195F31570,
6836,2.907,0,vmaGetAllocationInfo,0000028195F31570
6836,2.911,0,vmaGetAllocationInfo,0000028195F30990
6836,2.911,0,vmaDestroyBuffer,0000028195F30990
6836,2.952,0,vmaCreateBuffer,0,4194304,1,0,0,3,0,0,0,0000000000000000,0000028195F30990,
6836,2.952,0,vmaGetAllocationInfo,0000028195F30990
6836,2.952,0,vmaMapMemory,0000028195F30990
6836,2.956,0,vmaUnmapMemory,0000028195F30990
6836,2.956,0,vmaCreateImage,0,1,37,1024,1024,1,11,1,1,0,7,0,0,0,1,0,0,0,0000000000000000,0000028195F315C0,
6836,2.956,0,vmaGetAllocationInfo,0000028195F315C0
6836,2.959,0,vmaGetAllocationInfo,0000028195F30990
6836,2.959,0,vmaDestroyBuffer,0000028195F30990
6836,2.999,0,vmaCreateBuffer,0,4194304,1,0,0,3,0,0,0,0000000000000000,0000028195F30990,
6836,2.999,0,vmaGetAllocationInfo,0000028195F30990
6836,2.999,0,vmaMapMemory,0000028195F30990
6836,3.002,0,vmaUnmapMemory,0000028195F30990
6836,3.002,0,vmaCreateImage,0,1,37,1024,1024,1,11,1,1,0,7,0,0,0,1,0,0,0,0000000000000000,0000028195F31610,
6836,3.002,0,vmaGetAllocationInfo,0000028195F31610
6836,3.006,0,vmaGetAllocationInfo,0000028195F30990
6836,3.006,0,vmaDestroyBuffer,0000028195F30990
6836,3.046,0,vmaCreateBuffer,0,4194304,1,0,0,3,0,0,0,0000000000000000,0000028195F30990,
6836,3.046,0,vmaGetAllocationInfo,0000028195F30990
6836,3.046,0,vmaMapMemory,0000028195F30990
6836,3.049,0,vmaUnmapMemory,0000028195F30990
6836,3.049,0,vmaCreateImage,0,1,37,1024,1024,1,11,1,1,0,7,0,0,0,1,0,0,0,0000000000000000,0000028195F31660,
6836,3.049,0,vmaGetAllocationInfo,0000028195F31660
6836,3.054,0,vmaGetAllocationInfo,0000028195F30990
6836,3.055,0,vmaDestroyBuffer,0000028195F30990
6836,3.101,0,vmaCreateBuffer,0,4194304,1,0,0,3,0,0,0,0000000000000000,0000028195F30990,
6836,3.101,0,vmaGetAllocationInfo,0000028195F30990
6836,3.101,0,vmaMapMemory,0000028195F30990
6836,3.106,0,vmaUnmapMemory,0000028195F30990
6836,3.106,0,vmaCreateImage,0,1,37,1024,1024,1,11,1,1,0,7,0,0,0,1,0,0,0,0000000000000000,0000028195F316B0,
6836,3.106,0,vmaGetAllocationInfo,0000028195F316B0
6836,3.110,0,vmaGetAllocationInfo,0000028195F30990
6836,3.110,0,vmaDestroyBuffer,0000028195F30990
6836,3.155,0,vmaCreateBuffer,0,4194304,1,0,0,3,0,0,0,0000000000000000,0000028195F30990,
6836,3.155,0,vmaGetAllocationInfo,0000028195F30990
6836,3.155,0,vmaMapMemory,0000028195F30990
6836,3.158,0,vmaUnmapMemory,0000028195F30990
6836,3.158,0,vmaCreateImage,0,1,37,1024,1024,1,11,1,1,0,7,0,0,0,1,0,0,0,0000000000000000,0000028195F31700,
6836,3.158,0,vmaGetAllocationInfo,0000028195F31700
6836,3.162,0,vmaGetAllocationInfo,0000028195F30990
6836,3.162,0,vmaDestroyBuffer,0000028195F30990
6836,3.202,0,vmaCreateBuffer,0,4194304,1,0,0,3,0,0,0,0000000000000000,0000028195F30990,
6836,3.202,0,vmaGetAllocationInfo,0000028195F30990
6836,3.202,0,vmaMapMemory,0000028195F30990
6836,3.205,0,vmaUnmapMemory,0000028195F30990
6836,3.205,0,vmaCreateImage,0,1,37,1024,1024,1,11,1,1,0,7,0,0,0,1,0,0,0,0000000000000000,0000028195F31750,
6836,3.205,0,vmaGetAllocationInfo,0000028195F31750
6836,3.208,0,vmaGetAllocationInfo,0000028195F30990
6836,3.208,0,vmaDestroyBuffer,0000028195F30990
6836,3.250,0,vmaCreateBuffer,0,4194304,1,0,0,3,0,0,0,0000000000000000,0000028195F30990,
6836,3.250,0,vmaGetAllocationInfo,0000028195F30990
6836,3.250,0,vmaMapMemory,0000028195F30990
6836,3.253,0,vmaUnmapMemory,0000028195F30990
6836,3.253,0,vmaCreateImage,0,1,37,1024,1024,1,11,1,1,0,7,0,0,0,1,0,0,0,0000000000000000,0000028195F317A0,
6836,3.253,0,vmaGetAllocationInfo,0000028195F317A0
6836,3.257,0,vmaGetAllocationInfo,0000028195F30990
6836,3.257,0,vmaDestroyBuffer,0000028195F30990
6836,3.299,0,vmaCreateBuffer,0,4194304,1,0,0,3,0,0,0,0000000000000000,0000028195F30990,
6836,3.299,0,vmaGetAllocationInfo,0000028195F30990
6836,3.299,0,vmaMapMemory,0000028195F30990
6836,3.302,0,vmaUnmapMemory,0000028195F30990
6836,3.303,0,vmaCreateImage,0,1,37,1024,1024,1,11,1,1,0,7,0,0,0,1,0,0,0,0000000000000000,0000028195F317F0,
6836,3.303,0,vmaGetAllocationInfo,0000028195F317F0
6836,3.307,0,vmaGetAllocationInfo,0000028195F30990
6836,3.307,0,vmaDestroyBuffer,0000028195F30990
6836,3.348,0,vmaCreateBuffer,0,4194304,1,0,0,3,0,0,0,0000000000000000,0000028195F30990,
6836,3.348,0,vmaGetAllocationInfo,0000028195F30990
6836,3.348,0,vmaMapMemory,0000028195F30990
6836,3.351,0,vmaUnmapMemory,0000028195F30990
6836,3.351,0,vmaCreateImage,0,1,37,1024,1024,1,11,1,1,0,7,0,0,0,1,0,0,0,0000000000000000,0000028195F31840,
6836,3.351,0,vmaGetAllocationInfo,0000028195F31840
6836,3.356,0,vmaGetAllocationInfo,0000028195F30990
6836,3.356,0,vmaDestroyBuffer,0000028195F30990
6836,3.395,0,vmaCreateBuffer,0,4194304,1,0,0,3,0,0,0,0000000000000000,0000028195F30990,
6836,3.395,0,vmaGetAllocationInfo,0000028195F30990
6836,3.395,0,vmaMapMemory,0000028195F30990
6836,3.397,0,vmaUnmapMemory,0000028195F30990
6836,3.397,0,vmaCreateImage,0,1,37,1024,1024,1,11,1,1,0,7,0,0,0,1,0,0,0,0000000000000000,0000028195F31890,
6836,3.398,0,vmaGetAllocationInfo,0000028195F31890
6836,3.402,0,vmaGetAllocationInfo,0000028195F30990
6836,3.402,0,vmaDestroyBuffer,0000028195F30990
6836,3.442,0,vmaCreateBuffer,0,4194304,1,0,0,3,0,0,0,0000000000000000,0000028195F30990,
6836,3.442,0,vmaGetAllocationInfo,0000028195F30990
6836,3.442,0,vmaMapMemory,0000028195F30990
6836,3.446,0,vmaUnmapMemory,0000028195F30990
6836,3.446,0,vmaCreateImage,0,1,37,1024,1024,1,11,1,1,0,7,0,0,0,1,0,0,0,0000000000000000,0000028195F318E0,
6836,3.446,0,vmaGetAllocationInfo,0000028195F318E0
6836,3.453,0,vmaGetAllocationInfo,0000028195F30990
6836,3.453,0,vmaDestroyBuffer,0000028195F30990
6836,3.496,0,vmaCreateBuffer,0,4194304,1,0,0,3,0,0,0,0000000000000000,0000028195F30990,
6836,3.496,0,vmaGetAllocationInfo,0000028195F30990
6836,3.496,0,vmaMapMemory,0000028195F30990
6836,3.500,0,vmaUnmapMemory,0000028195F30990
6836,3.501,0,vmaCreateImage,0,1,37,1024,1024,1,11,1,1,0,7,0,0,0,1,0,0,0,0000000000000000,0000028195F31930,
6836,3.501,0,vmaGetAllocationInfo,0000028195F31930
6836,3.505,0,vmaGetAllocationInfo,0000028195F30990
6836,3.505,0,vmaDestroyBuffer,0000028195F30990
6836,3.547,0,vmaCreateBuffer,0,4194304,1,0,0,3,0,0,0,0000000000000000,0000028195F30990,
6836,3.547,0,vmaGetAllocationInfo,0000028195F30990
6836,3.547,0,vmaMapMemory,0000028195F30990
6836,3.550,0,vmaUnmapMemory,0000028195F30990
6836,3.550,0,vmaCreateImage,0,1,37,1024,1024,1,11,1,1,0,7,0,0,0,1,0,0,0,0000000000000000,0000028195F31980,
6836,3.550,0,vmaGetAllocationInfo,0000028195F31980
6836,3.554,0,vmaGetAllocationInfo,0000028195F30990
6836,3.554,0,vmaDestroyBuffer,0000028195F30990
6836,3.594,0,vmaCreateBuffer,0,4194304,1,0,0,3,0,0,0,0000000000000000,0000028195F30990,
6836,3.594,0,vmaGetAllocationInfo,0000028195F30990
6836,3.594,0,vmaMapMemory,0000028195F30990
6836,3.596,0,vmaUnmapMemory,0000028195F30990
6836,3.596,0,vmaCreateImage,0,1,37,1024,1024,1,11,1,1,0,7,0,0,0,1,0,0,0,0000000000000000,0000028195F319D0,
6836,3.597,0,vmaGetAllocationInfo,0000028195F319D0
6836,3.602,0,vmaGetAllocationInfo,0000028195F30990
6836,3.602,0,vmaDestroyBuffer,0000028195F30990
6836,3.643,0,vmaCreateBuffer,0,4194304,1,0,0,3,0,0,0,0000000000000000,0000028195F30990,
6836,3.643,0,vmaGetAllocationInfo,0000028195F30990
6836,3.643,0,vmaMapMemory,0000028195F30990
6836,3.647,0,vmaUnmapMemory,0000028195F30990
6836,3.647,0,vmaCreateImage,0,1,37,1024,1024,1,11,1,1,0,7,0,0,0,1,0,0,0,0000000000000000,0000028195F31A20,
6836,3.647,0,vmaGetAllocationInfo,0000028195F31A20
6836,3.652,0,vmaGetAllocationInfo,0000028195F30990
6836,3.652,0,vmaDestroyBuffer,0000028195F30990
6836,3.693,0,vmaCreateBuffer,0,4194304,1,0,0,3,0,0,0,0000000000000000,0000028195F30990,
6836,3.693,0,vmaGetAllocationInfo,0000028195F30990
6836,3.693,0,vmaMapMemory,0000028195F30990
6836,3.696,0,vmaUnmapMemory,0000028195F30990
6836,3.697,0,vmaCreateImage,0,1,37,1024,1024,1,11,1,1,0,7,0,0,0,1,0,0,0,0000000000000000,0000028195F31A70,
6836,3.697,0,vmaGetAllocationInfo,0000028195F31A70
6836,3.702,0,vmaGetAllocationInfo,0000028195F30990
6836,3.702,0,vmaDestroyBuffer,0000028195F30990
6836,3.747,0,vmaCreateBuffer,0,4194304,1,0,0,3,0,0,0,0000000000000000,0000028195F30990,
6836,3.747,0,vmaGetAllocationInfo,0000028195F30990
6836,3.748,0,vmaMapMemory,0000028195F30990
6836,3.751,0,vmaUnmapMemory,0000028195F30990
6836,3.751,0,vmaCreateImage,0,1,37,1024,1024,1,11,1,1,0,7,0,0,0,1,0,0,0,0000000000000000,0000028195F31AC0,
6836,3.751,0,vmaGetAllocationInfo,0000028195F31AC0
6836,3.755,0,vmaGetAllocationInfo,0000028195F30990
6836,3.755,0,vmaDestroyBuffer,0000028195F30990
6836,3.796,0,vmaCreateBuffer,0,4194304,1,0,0,3,0,0,0,0000000000000000,0000028195F30990,
6836,3.796,0,vmaGetAllocationInfo,0000028195F30990
6836,3.796,0,vmaMapMemory,0000028195F30990
6836,3.800,0,vmaUnmapMemory,0000028195F30990
6836,3.800,0,vmaCreateImage,0,1,37,1024,1024,1,11,1,1,0,7,0,0,0,1,0,0,0,0000000000000000,0000028195F31B10,
6836,3.800,0,vmaGetAllocationInfo,0000028195F31B10
6836,3.804,0,vmaGetAllocationInfo,0000028195F30990
6836,3.804,0,vmaDestroyBuffer,0000028195F30990
6836,3.850,0,vmaCreateBuffer,0,4194304,1,0,0,3,0,0,0,0000000000000000,0000028195F30990,
6836,3.850,0,vmaGetAllocationInfo,0000028195F30990
6836,3.850,0,vmaMapMemory,0000028195F30990
6836,3.852,0,vmaUnmapMemory,0000028195F30990
6836,3.853,0,vmaCreateImage,0,1,37,1024,1024,1,11,1,1,0,7,0,0,0,1,0,0,0,0000000000000000,0000028195F31B60,
6836,3.853,0,vmaGetAllocationInfo,0000028195F31B60
6836,3.857,0,vmaGetAllocationInfo,0000028195F30990
6836,3.857,0,vmaDestroyBuffer,0000028195F30990
6836,3.898,0,vmaCreateBuffer,0,4194304,1,0,0,3,0,0,0,0000000000000000,0000028195F30990,
6836,3.898,0,vmaGetAllocationInfo,0000028195F30990
6836,3.898,0,vmaMapMemory,0000028195F30990
6836,3.900,0,vmaUnmapMemory,0000028195F30990
6836,3.901,0,vmaCreateImage,0,1,37,1024,1024,1,11,1,1,0,7,0,0,0,1,0,0,0,0000000000000000,0000028195F31BB0,
6836,3.901,0,vmaGetAllocationInfo,0000028195F31BB0
6836,3.906,0,vmaGetAllocationInfo,0000028195F30990
6836,3.906,0,vmaDestroyBuffer,0000028195F30990
6836,3.921,0,vmaCreateBuffer,0,4194304,1,0,0,3,0,0,0,0000000000000000,0000028195F30990,
6836,3.921,0,vmaGetAllocationInfo,0000028195F30990
6836,3.921,0,vmaMapMemory,0000028195F30990
6836,3.923,0,vmaUnmapMemory,0000028195F30990
6836,3.924,0,vmaCreateImage,0,1,37,1024,1024,1,11,1,1,0,7,0,0,0,1,0,0,0,0000000000000000,0000028195F31C00,
6836,3.924,0,vmaGetAllocationInfo,0000028195F31C00
6836,3.927,0,vmaGetAllocationInfo,0000028195F30990
6836,3.927,0,vmaDestroyBuffer,0000028195F30990
6836,3.987,0,vmaCreateBuffer,0,4194304,1,0,0,3,0,0,0,0000000000000000,0000028195F30990,
6836,3.987,0,vmaGetAllocationInfo,0000028195F30990
6836,3.987,0,vmaMapMemory,0000028195F30990
6836,3.987,0,vmaUnmapMemory,0000028195F30990
6836,3.987,0,vmaCreateImage,0,1,37,1024,1024,1,11,1,1,0,7,0,0,0,1,0,0,0,0000000000000000,0000028195F31C50,
6836,3.987,0,vmaGetAllocationInfo,0000028195F31C50
6836,4.008,0,vmaGetAllocationInfo,0000028195F30990
6836,4.008,0,vmaDestroyBuffer,0000028195F30990
